City_ID,City,Lat,Lng,Max Temp,Humidity,Cloudiness,Wind Speed,Country,Date
0,Hilo,19.7297,-155.09,81.28,88,100,8.05,US,2022-11-30 02:33:52
1,Bairiki,1.3292,172.9752,84.2,74,40,9.22,KI,2022-11-30 02:33:53
2,Pauini,-7.7136,-66.9764,75.92,82,92,3.96,BR,2022-11-30 02:33:53
3,Codrington,-38.2667,141.9667,61.18,67,94,12.26,AU,2022-11-30 02:33:53
4,Spassk-Ryazanskiy,54.4072,40.3806,16.39,94,45,5.03,RU,2022-11-30 02:33:54
5,Mandalgovi,45.7625,106.2708,-0.18,42,0,6.91,MN,2022-11-30 02:33:55
6,Imbituba,-28.24,-48.6703,72.86,94,95,10.4,BR,2022-11-30 02:33:55
7,Devonport,-41.1667,146.35,67.08,55,48,13.0,AU,2022-11-30 02:32:15
8,Wakkanai,45.4094,141.6739,24.78,80,75,25.32,JP,2022-11-30 02:33:55
9,Vila Franca Do Campo,37.7167,-25.4333,64.2,84,95,3.62,PT,2022-11-30 02:33:56
10,Vaini,-21.2,-175.2,79.02,68,31,13.0,TO,2022-11-30 02:33:56
11,Castro,-24.7911,-50.0119,59.58,96,99,5.91,BR,2022-11-30 02:33:57
12,Puerto Ayora,-0.7393,-90.3518,70.56,89,45,8.99,EC,2022-11-30 02:33:57
13,New Scone,56.4194,-3.4051,41.97,95,98,1.74,GB,2022-11-30 02:33:57
14,Ponta Do Sol,32.6667,-17.1,61.72,74,13,4.68,PT,2022-11-30 02:33:58
15,Ushuaia,-54.8,-68.3,46.06,66,75,2.3,AR,2022-11-30 02:31:46
16,Mar Del Plata,-38.0023,-57.5575,67.08,97,75,14.0,AR,2022-11-30 02:33:58
17,Lebu,-37.6167,-73.65,54.25,85,93,18.03,CL,2022-11-30 02:32:52
18,Kayasula,44.325,45.0,33.78,72,100,14.18,RU,2022-11-30 02:33:59
19,Sao Joao Da Barra,-21.6403,-41.0511,73.78,90,100,17.72,BR,2022-11-30 02:33:59
20,Lyngseidet,69.5763,20.2189,33.8,86,57,11.5,NO,2022-11-30 02:34:00
21,East London,-33.0153,27.9116,69.21,79,16,12.64,ZA,2022-11-30 02:34:00
22,Waipawa,-41.4122,175.5153,62.55,61,99,16.6,NZ,2022-11-30 02:34:01
23,Busselton,-33.65,115.3333,87.91,25,0,9.64,AU,2022-11-30 02:34:01
24,Punta Arenas,-53.15,-70.9167,46.51,61,75,23.02,CL,2022-11-30 02:31:27
25,Kruisfontein,-34.0033,24.7314,63.72,81,1,6.96,ZA,2022-11-30 02:34:02
26,Barcelona,41.3888,2.159,52.72,81,20,10.36,ES,2022-11-30 02:33:24
27,Semirom,31.4167,51.5667,39.52,47,100,2.04,IR,2022-11-30 02:34:02
28,Rikitea,-23.1203,-134.9692,72.3,72,76,12.93,PF,2022-11-30 02:34:03
29,Kenora,49.8167,-94.4337,16.77,86,100,3.44,CA,2022-11-30 02:34:03
30,Ginda,30.6945,78.4932,55.18,23,0,3.15,IN,2022-11-30 02:34:04
31,Norman Wells,65.282,-126.8329,-30.96,68,75,2.3,CA,2022-11-30 02:34:04
32,Tafo,6.7345,-1.6127,71.04,95,19,3.2,GH,2022-11-30 02:34:05
33,Muravlenko,63.7898,74.523,-12.24,98,89,6.89,RU,2022-11-30 02:34:05
34,Kalmunai,7.4167,81.8167,77.99,77,90,7.11,LK,2022-11-30 02:34:06
35,Grand Gaube,-20.0064,57.6608,75.38,76,100,1.01,MU,2022-11-30 02:34:06
36,Nizhniy Tsasuchey,50.5167,115.1333,-3.93,66,1,16.15,RU,2022-11-30 02:34:07
37,Pangnirtung,66.1451,-65.7125,-17.03,98,99,2.95,CA,2022-11-30 02:34:07
38,Provideniya,64.3833,-173.3,32.36,93,100,11.18,RU,2022-11-30 02:34:07
39,Sola,-13.8833,167.55,82.98,72,66,9.37,VU,2022-11-30 02:34:08
40,Plouzane,48.3833,-4.6167,48.25,81,100,9.22,FR,2022-11-30 02:34:09
41,Mataura,-46.1927,168.8643,59.49,62,95,9.28,NZ,2022-11-30 02:34:09
42,Talcahuano,-36.7167,-73.1167,60.48,82,0,10.36,CL,2022-11-30 02:34:09
43,Bethel,41.3712,-73.414,34.11,84,0,3.44,US,2022-11-30 02:34:10
44,Yar-Sale,66.8333,70.8333,-4.49,100,85,1.52,RU,2022-11-30 02:35:10
45,Khatanga,71.9667,102.5,-24.27,94,5,4.5,RU,2022-11-30 02:35:11
46,Albany,42.6001,-73.9662,32.65,78,100,4.76,US,2022-11-30 02:35:12
47,Bredasdorp,-34.5322,20.0403,62.37,81,6,5.01,ZA,2022-11-30 02:35:12
48,Eganville,45.5334,-77.0994,31.51,84,100,9.82,CA,2022-11-30 02:35:13
49,Dikson,73.5069,80.5464,3.79,98,97,3.91,RU,2022-11-30 02:35:13
50,Saint-Francois,46.4154,3.9054,40.44,93,75,2.3,FR,2022-11-30 02:35:13
51,Chuy,-33.6971,-53.4616,65.95,93,0,9.78,UY,2022-11-30 02:35:14
52,Avarua,-21.2078,-159.775,80.65,74,75,14.97,CK,2022-11-30 02:35:14
53,Tsiroanomandidy,-18.7667,46.0333,68.72,83,53,1.63,MG,2022-11-30 02:35:14
54,Vao,-22.6667,167.4833,79.32,81,88,4.0,NC,2022-11-30 02:35:15
55,Kodiak,57.79,-152.4072,27.91,59,0,11.5,US,2022-11-30 02:35:15
56,Jertih,5.7336,102.4897,88.97,70,74,2.59,MY,2022-11-30 02:35:16
57,Saint-Augustin,51.226,-58.6502,9.45,80,8,12.82,CA,2022-11-30 02:35:17
58,Ribeira Grande,38.5167,-28.7,60.78,91,60,1.99,PT,2022-11-30 02:35:17
59,Oum Hadjer,13.2954,19.6966,69.03,23,28,7.47,TD,2022-11-30 02:35:18
60,Isangel,-19.55,169.2667,85.75,66,52,6.67,VU,2022-11-30 02:35:18
61,Arraial Do Cabo,-22.9661,-42.0278,73.24,91,97,21.72,BR,2022-11-30 02:35:19
62,Cape Town,-33.9258,18.4232,65.26,87,75,8.05,ZA,2022-11-30 02:31:34
63,Port Alfred,-33.5906,26.891,68.88,84,2,2.44,ZA,2022-11-30 02:35:19
64,Walvis Bay,-22.9575,14.5053,58.15,82,17,0.0,NA,2022-11-30 02:35:20
65,Atuona,-9.8,-139.0333,77.83,72,12,14.18,PF,2022-11-30 02:35:20
66,Cabo Rojo,18.0866,-67.1457,77.22,90,5,1.99,PR,2022-11-30 02:35:21
67,Muisne,0.6,-80.0333,74.41,84,100,8.7,EC,2022-11-30 02:35:21
68,Hobart,-42.8794,147.3294,66.06,45,75,17.27,AU,2022-11-30 02:30:51
69,Mehamn,71.0357,27.8492,37.35,93,75,9.22,NO,2022-11-30 02:35:22
70,Anadyr,64.75,177.4833,34.3,86,75,8.95,RU,2022-11-30 02:35:23
71,Katherine,-14.4667,132.2667,89.92,43,100,12.66,AU,2022-11-30 02:35:01
72,Airai,-8.9266,125.4092,75.09,50,83,3.38,TL,2022-11-30 02:35:23
73,Blackwater,-23.5833,148.8833,69.01,90,100,9.51,AU,2022-11-30 02:35:24
74,Yellowknife,62.456,-114.3525,-26.45,68,20,6.91,CA,2022-11-30 02:34:33
75,Torbay,47.6666,-52.7314,27.57,74,75,13.8,CA,2022-11-30 02:35:24
76,Syedove,47.0768,38.156,34.77,57,100,31.79,UA,2022-11-30 02:35:25
77,Taoudenni,22.6783,-3.9836,61.38,19,0,10.16,ML,2022-11-30 02:35:25
78,Jamestown,42.097,-79.2353,47.79,83,0,16.11,US,2022-11-30 02:30:49
79,Saint George,37.1041,-113.5841,43.39,29,0,0.0,US,2022-11-30 02:35:26
80,Tasiilaq,65.6145,-37.6368,39.36,92,100,38.83,GL,2022-11-30 02:35:26
81,Berbera,10.4396,45.0143,75.69,72,9,5.26,SO,2022-11-30 02:35:27
82,Mogadishu,2.0371,45.3438,79.59,76,70,14.47,SO,2022-11-30 02:35:27
83,Kapaa,22.0752,-159.319,82.72,74,0,6.91,US,2022-11-30 02:35:28
84,Broome,42.2506,-75.833,37.2,81,0,10.36,US,2022-11-30 02:30:39
85,Pastavy,55.1168,26.8326,27.9,97,99,6.44,BY,2022-11-30 02:36:28
86,Sitka,57.0531,-135.33,24.69,36,0,3.44,US,2022-11-30 02:36:29
87,Qaanaaq,77.484,-69.3632,-18.09,81,19,6.31,GL,2022-11-30 02:36:29
88,Luganville,-15.5333,167.1667,86.56,65,73,8.93,VU,2022-11-30 02:36:30
89,Namibe,-15.1961,12.1522,68.77,84,100,6.44,AO,2022-11-30 02:36:30
90,Vardo,70.3705,31.1107,33.78,80,76,24.16,NO,2022-11-30 02:36:30
91,Chapais,49.7834,-74.8492,13.78,90,100,10.51,CA,2022-11-30 02:36:31
92,Newport,51.5877,-2.9984,42.46,83,100,4.74,GB,2022-11-30 02:36:11
93,Nanortalik,60.1432,-45.2371,31.59,83,100,10.92,GL,2022-11-30 02:36:32
94,Jinka,5.65,36.65,63.95,61,58,2.64,ET,2022-11-30 02:36:32
95,Grindavik,63.8424,-22.4338,46.87,100,100,33.38,IS,2022-11-30 02:36:33
96,San Francisco,37.7749,-122.4194,52.66,66,20,12.66,US,2022-11-30 02:33:12
97,Rawson,-43.3002,-65.1023,54.45,69,58,12.41,AR,2022-11-30 02:36:33
98,Luderitz,-26.6481,15.1594,59.85,91,0,7.54,NA,2022-11-30 02:36:33
99,Beroroha,-21.6667,45.1667,77.16,63,100,1.61,MG,2022-11-30 02:36:34
100,Chokurdakh,70.6333,147.9167,-9.51,99,100,6.96,RU,2022-11-30 02:36:35
101,Chingola,-12.529,27.8838,60.19,95,100,3.65,ZM,2022-11-30 02:36:35
102,Longyearbyen,78.2186,15.6401,33.64,75,100,19.57,SJ,2022-11-30 02:36:36
103,Pinawa,50.1489,-95.8811,19.31,95,98,4.68,CA,2022-11-30 02:36:36
104,Elizabeth City,36.2946,-76.2511,49.01,90,0,4.61,US,2022-11-30 02:36:36
105,Tuktoyaktuk,69.4541,-133.0374,-0.4,85,100,12.66,CA,2022-11-30 02:36:37
106,Baykit,61.67,96.37,-18.74,100,85,3.67,RU,2022-11-30 02:36:37
107,Carnarvon,-24.8667,113.6333,77.07,64,0,12.97,AU,2022-11-30 02:36:37
108,Rio Gallegos,-51.6226,-69.2181,46.45,53,75,8.05,AR,2022-11-30 02:36:38
109,Lensk,60.7253,114.9278,-10.89,93,100,14.25,RU,2022-11-30 02:36:38
110,Lompoc,34.6391,-120.4579,52.02,83,0,0.0,US,2022-11-30 02:31:46
111,Bluff,-46.6,168.3333,59.81,76,53,19.42,NZ,2022-11-30 02:36:39
112,Svrljig,43.4133,22.1211,40.87,98,100,4.88,RS,2022-11-30 02:32:54
113,Pokosnoye,55.5258,101.0536,-2.76,85,100,12.33,RU,2022-11-30 02:36:39
114,Asfi,32.2994,-9.2372,56.89,72,5,13.13,MA,2022-11-30 02:36:40
115,Saryagash,41.4511,69.1701,46.36,77,97,4.61,KZ,2022-11-30 02:36:40
116,Deputatskiy,69.3,139.9,-18.06,99,100,2.33,RU,2022-11-30 02:36:41
117,Mopti,14.6667,-4.0,73.38,14,57,7.54,ML,2022-11-30 02:36:41
118,Qobustan,40.0824,49.412,47.34,74,100,24.54,AZ,2022-11-30 02:36:41
119,Shubarshi,48.5872,57.1869,14.97,41,3,13.42,KZ,2022-11-30 02:36:42
120,Alexandria,31.2156,29.9553,54.14,64,1,3.13,EG,2022-11-30 02:36:42
121,Tuatapere,-46.1333,167.6833,49.75,90,93,15.73,NZ,2022-11-30 02:36:43
122,Ilulissat,69.2167,-51.1,23.02,80,75,0.0,GL,2022-11-30 02:36:43
123,Heishan,41.6892,122.1128,17.46,21,0,15.37,CN,2022-11-30 02:36:43
124,Marsa Matruh,31.3525,27.2453,55.6,76,0,6.91,EG,2022-11-30 02:36:44
125,Zyryanka,65.75,150.85,-29.78,100,95,4.18,RU,2022-11-30 02:36:44
126,Port Keats,-14.25,129.55,94.86,41,44,6.46,AU,2022-11-30 02:36:45
127,Wasilla,61.5814,-149.4394,10.74,82,0,3.44,US,2022-11-30 02:35:31
128,Manacor,39.5696,3.2096,48.83,69,70,11.56,ES,2022-11-30 02:36:45
129,Guerrero Negro,27.9769,-114.0611,59.97,73,35,10.02,MX,2022-11-30 02:37:46
130,Samagaltay,50.6022,95.0047,-11.94,84,23,0.49,RU,2022-11-30 02:37:46
131,New Norfolk,-42.7826,147.0587,65.7,52,100,7.0,AU,2022-11-30 02:37:47
132,Amahai,-3.3333,128.9167,82.74,72,100,1.68,ID,2022-11-30 02:37:47
133,Butaritari,3.0707,172.7902,81.03,75,16,10.09,KI,2022-11-30 02:37:47
134,Porto Novo,6.4965,2.6036,80.42,85,68,1.77,BJ,2022-11-30 02:37:48
135,Hermanus,-34.4187,19.2345,64.8,91,11,6.64,ZA,2022-11-30 02:37:48
136,Xining,36.6167,101.7667,14.2,38,100,3.29,CN,2022-11-30 02:37:49
137,Santa Cruz Cabralia,-16.2781,-39.0247,75.43,100,75,4.61,BR,2022-11-30 02:37:49
138,Halifax,44.6453,-63.5724,30.2,73,5,4.0,CA,2022-11-30 02:33:34
139,Naze,28.3667,129.4833,65.32,84,97,21.79,JP,2022-11-30 02:37:50
140,Guarapari,-20.6667,-40.4975,72.3,94,100,8.81,BR,2022-11-30 02:33:16
141,Ulladulla,-35.35,150.4667,68.18,56,3,13.69,AU,2022-11-30 02:37:51
142,Hithadhoo,-0.6,73.0833,81.32,74,100,5.7,MV,2022-11-30 02:37:51
143,Outjo,-20.1167,16.15,73.24,31,64,4.99,NA,2022-11-30 02:37:51
144,Road Town,18.4167,-64.6167,78.89,71,7,17.31,VG,2022-11-30 02:37:52
145,Najran,17.4924,44.1277,57.85,46,4,0.63,SA,2022-11-30 02:37:53
146,Port Elizabeth,-33.918,25.5701,70.09,88,0,4.61,ZA,2022-11-30 02:37:53
147,Bay Roberts,47.5999,-53.2648,28.33,73,6,5.99,CA,2022-11-30 02:37:54
148,Roma,43.2128,-75.4557,34.95,78,100,10.36,US,2022-11-30 02:34:01
149,Greenville,35.6127,-77.3663,53.76,90,40,1.99,US,2022-11-30 02:37:54
150,Egvekinot,66.3167,-179.1667,24.91,99,100,6.42,RU,2022-11-30 02:37:54
151,Povorino,51.1945,42.2457,21.6,55,56,6.91,RU,2022-11-30 02:37:55
152,Djibo,14.1022,-1.6306,72.1,16,18,7.02,BF,2022-11-30 02:37:55
153,Lorengau,-2.0226,147.2712,86.43,64,83,10.29,PG,2022-11-30 02:37:56
154,Watrous,51.6668,-105.4679,6.58,85,100,14.97,CA,2022-11-30 02:37:56
155,Necochea,-38.5473,-58.7368,62.51,94,100,11.99,AR,2022-11-30 02:37:57
156,Barrow,71.2906,-156.7887,6.82,72,100,14.97,US,2022-11-30 02:37:57
157,Nixa,37.0434,-93.2944,37.74,81,5,5.99,US,2022-11-30 02:37:57
158,Klaksvik,62.2266,-6.589,45.52,85,100,16.26,FO,2022-11-30 02:37:58
159,Erzin,36.9559,36.2,58.41,68,100,5.48,TR,2022-11-30 02:37:58
160,Bucerias,20.75,-105.3333,74.98,78,0,0.0,MX,2022-11-30 02:35:15
161,Saint-Philippe,-21.3585,55.7679,72.99,78,41,5.21,RE,2022-11-30 02:37:59
162,Alice Springs,-23.7,133.8833,80.15,21,0,8.05,AU,2022-11-30 02:37:59
163,Bilma,18.6853,12.9164,60.46,43,1,7.92,NE,2022-11-30 02:38:00
164,Lagoa,39.05,-27.9833,61.9,70,100,9.08,PT,2022-11-30 02:38:00
165,Saskylakh,71.9167,114.0833,-24.16,98,100,6.42,RU,2022-11-30 02:38:01
166,Faisalabad,31.4167,73.0833,62.62,31,0,0.38,PK,2022-11-30 02:38:01
167,Zatoka,46.0725,30.4654,43.29,72,100,18.43,UA,2022-11-30 02:38:02
168,Prince Rupert,54.3161,-130.3201,26.29,44,0,12.66,CA,2022-11-30 02:38:02
169,Platanos,37.6667,21.6167,54.09,79,91,10.36,GR,2022-11-30 02:38:02
170,Moose Factory,51.2585,-80.6094,28.4,80,100,16.11,CA,2022-11-30 02:38:03
171,Touros,-5.1989,-35.4608,78.57,69,96,8.3,BR,2022-11-30 02:38:03
172,Saint Anthony,45.0205,-93.218,22.21,78,100,16.11,US,2022-11-30 02:38:04
173,Rosarito,32.3333,-117.0333,56.35,72,0,3.4,MX,2022-11-30 02:38:04
174,La Tuque,47.4334,-72.7824,23.25,74,99,3.44,CA,2022-11-30 02:38:04
175,Nanakuli,21.3906,-158.1547,84.04,55,0,13.8,US,2022-11-30 02:39:05
176,Puri,19.8,85.85,73.92,52,96,11.77,IN,2022-11-30 02:39:05
177,Bengkulu,-3.8004,102.2655,80.92,77,99,4.54,ID,2022-11-30 02:39:06
178,Hervey Bay,-25.2986,152.8535,69.46,88,100,26.8,AU,2022-11-30 02:39:06
179,Jumla,29.2747,82.1838,53.46,21,95,2.01,NP,2022-11-30 02:39:05
180,Xiuyan,40.2928,123.2744,15.31,23,0,14.56,CN,2022-11-30 02:39:07
181,Ahuimanu,21.4447,-157.8378,83.79,70,100,8.05,US,2022-11-30 02:39:07
182,Kaitangata,-46.2817,169.8464,59.9,62,100,12.93,NZ,2022-11-30 02:39:08
183,Thompson,55.7435,-97.8558,-0.24,78,100,19.57,CA,2022-11-30 02:39:06
184,Staryy Nadym,65.6118,72.6842,0.91,94,92,6.13,RU,2022-11-30 02:39:08
185,Tamworth,52.634,-1.6959,39.83,97,99,1.99,GB,2022-11-30 02:39:09
186,Bellary,15.15,76.9333,71.49,65,8,5.95,IN,2022-11-30 02:39:09
187,Benicarlo,40.4165,0.4271,57.25,58,100,6.22,ES,2022-11-30 02:39:10
188,Colon,9.3592,-79.9014,75.36,100,100,3.0,PA,2022-11-30 02:39:10
189,Ternate,0.8,127.4,84.0,72,24,7.87,ID,2022-11-30 02:39:11
190,Cisarua,-6.6527,106.471,76.78,57,78,1.77,ID,2022-11-30 02:39:11
191,Cherskiy,68.75,161.3,-14.78,97,99,5.12,RU,2022-11-30 02:39:12
192,Ayan,56.45,138.1667,-8.52,93,100,28.61,RU,2022-11-30 02:39:12
193,Saldanha,-33.0117,17.9442,64.45,96,41,3.71,ZA,2022-11-30 02:39:12
194,Lata,40.1629,-8.3327,45.07,93,45,2.68,PT,2022-11-30 02:39:13
195,Seoul,37.5683,126.9778,27.79,35,0,13.8,KR,2022-11-30 02:34:14
196,Omboue,-1.5746,9.2618,73.8,94,100,7.2,GA,2022-11-30 02:39:13
197,Nome,64.5011,-165.4064,19.47,74,100,13.8,US,2022-11-30 02:39:14
198,San Cristobal,7.7669,-72.225,68.18,98,100,4.05,VE,2022-11-30 02:39:14
199,Brae,60.3964,-1.353,46.44,87,100,9.01,GB,2022-11-30 02:39:14
200,Constitucion,-35.3333,-72.4167,54.55,95,29,10.67,CL,2022-11-30 02:39:15
201,Mairwa,26.2333,84.15,68.97,44,86,3.15,IN,2022-11-30 02:39:15
202,Qaqortoq,60.7167,-46.0333,27.46,86,100,2.75,GL,2022-11-30 02:39:16
203,Atambua,-9.1061,124.8925,83.88,61,76,6.46,ID,2022-11-30 02:39:16
204,Valparaiso,-33.0393,-71.6273,60.44,88,100,4.61,CL,2022-11-30 02:37:42
205,Srednekolymsk,67.45,153.6833,-23.71,98,82,7.99,RU,2022-11-30 02:39:17
206,Spirit River,55.7833,-118.8361,-7.17,97,100,9.33,CA,2022-11-30 02:39:17
207,West Bay,19.3667,-81.4167,80.67,83,20,9.22,KY,2022-11-30 02:39:17
208,Coari,-4.085,-63.1414,75.22,90,62,1.45,BR,2022-11-30 02:39:18
209,Misratah,32.3754,15.0925,61.21,67,73,20.24,LY,2022-11-30 02:39:18
210,Potiskum,11.7091,11.0694,61.38,27,93,8.66,NG,2022-11-30 02:39:19
211,Fergus Falls,46.283,-96.0776,20.46,85,100,17.27,US,2022-11-30 02:39:19
212,Jasper,37.2001,-94.3502,35.65,70,100,18.41,US,2022-11-30 02:39:20
213,Kukurecani,41.0956,21.3256,39.92,96,100,4.63,MK,2022-11-30 02:39:20
214,Charters Towers,-20.1,146.2667,72.57,86,100,13.49,AU,2022-11-30 02:36:11
215,Puerto Escondido,15.85,-97.0667,78.71,76,57,2.8,MX,2022-11-30 02:39:21
216,Ripky,51.801,31.0838,26.91,87,100,8.43,UA,2022-11-30 02:39:21
217,Marshall,34.3834,-86.3333,62.58,89,100,6.91,US,2022-11-30 02:39:21
218,Clyde River,70.4692,-68.5914,-21.77,69,0,6.91,CA,2022-11-30 02:39:22
219,Maniitsoq,65.4167,-52.9,26.38,76,100,21.92,GL,2022-11-30 02:39:22
220,Kinel,53.2333,50.65,7.84,91,46,4.97,RU,2022-11-30 02:39:23
221,Kapuskasing,49.4169,-82.4331,32.09,93,100,16.11,CA,2022-11-30 02:36:16
222,Tres Picos,15.8667,-93.5333,77.27,87,99,3.04,MX,2022-11-30 02:42:37
223,Puerto Cabello,10.4731,-68.0125,85.55,79,95,8.99,VE,2022-11-30 02:42:37
224,Kobryn,52.2138,24.3564,32.61,99,100,5.84,BY,2022-11-30 02:42:38
225,Olafsvik,64.8945,-23.7142,43.75,88,100,19.26,IS,2022-11-30 02:42:38
226,Korla,41.7597,86.1469,15.51,25,52,2.21,CN,2022-11-30 02:42:38
227,Nikolskoye,59.7035,30.7861,26.49,90,100,4.72,RU,2022-11-30 02:42:39
228,Sao Filipe,14.8961,-24.4956,74.16,66,7,8.43,CV,2022-11-30 02:42:39
229,Vanimo,-2.6741,141.3028,84.79,69,100,5.01,PG,2022-11-30 02:42:40
230,Palestine,31.9216,35.2033,50.65,87,1,4.59,PS,2022-11-30 02:42:40
231,Ambanja,-13.6833,48.45,74.23,87,30,1.92,MG,2022-11-30 02:42:41
232,Jiujiang,29.7333,115.9833,34.14,71,100,22.86,CN,2022-11-30 02:42:41
233,Alberton,46.8168,-64.0654,28.31,64,13,6.33,CA,2022-11-30 02:37:50
234,Namwala,-15.7504,26.4384,64.26,91,69,4.14,ZM,2022-11-30 02:42:42
235,Dauphin,51.1494,-100.0502,8.74,72,100,20.71,CA,2022-11-30 02:42:42
236,Challapata,-18.9,-66.7667,49.48,32,0,7.09,BO,2022-11-30 02:42:43
237,Marienburg,54.0359,19.0266,33.89,96,18,6.98,PL,2022-11-30 02:42:43
238,Nouakchott,18.0858,-15.9785,67.93,32,0,11.7,MR,2022-11-30 02:42:37
239,Le Port,-20.9373,55.2919,76.96,65,3,3.56,RE,2022-11-30 02:42:43
240,Iwanai,42.9744,140.5089,28.87,87,100,15.7,JP,2022-11-30 02:42:44
241,Hobyo,5.3505,48.5268,79.25,71,91,16.06,SO,2022-11-30 02:42:44
242,Port Hardy,50.6996,-127.4199,33.98,93,100,34.52,CA,2022-11-30 02:42:45
243,Coahuayana,18.7333,-103.6833,73.06,88,9,1.99,MX,2022-11-30 02:42:45
244,Esperance,-33.8667,121.9,76.6,40,100,13.89,AU,2022-11-30 02:42:45
245,Jeremie,18.65,-74.1167,77.74,73,82,4.81,HT,2022-11-30 02:42:46
246,Sipe Sipe,-17.45,-66.3833,61.29,74,79,3.31,BO,2022-11-30 02:42:46
247,Hofn,64.2539,-15.2082,45.21,95,100,14.14,IS,2022-11-30 02:42:47
248,Coaraci,-14.6408,-39.5511,70.16,99,100,1.54,BR,2022-11-30 02:42:47
249,Georgetown,5.4112,100.3354,85.89,80,20,2.3,MY,2022-11-30 02:39:14
250,Tiksi,71.6872,128.8694,-27.94,100,92,2.64,RU,2022-11-30 02:42:48
251,Lagos,6.5833,3.75,77.32,91,91,1.63,NG,2022-11-30 02:39:43
252,Laguna,38.421,-121.4238,50.31,55,0,0.0,US,2022-11-30 02:42:48
253,Bandarbeyla,9.4942,50.8122,75.87,74,3,13.29,SO,2022-11-30 02:42:49
254,Los Llanos De Aridane,28.6585,-17.9182,64.15,77,100,11.5,ES,2022-11-30 02:42:49
255,Port-Gentil,-0.7193,8.7815,77.63,84,100,12.75,GA,2022-11-30 02:42:50
256,Ugoofaaru,5.6667,73.0,81.1,69,15,4.38,MV,2022-11-30 02:42:50
257,Irbil,36.1926,44.0106,66.02,55,75,9.22,IQ,2022-11-30 02:42:50
258,Banda Aceh,5.5577,95.3222,83.7,64,100,2.21,ID,2022-11-30 02:42:51
259,Rapid City,44.0805,-103.231,14.72,62,0,11.5,US,2022-11-30 02:41:12
260,Te Anau,-45.4167,167.7167,57.36,79,63,6.87,NZ,2022-11-30 02:42:51
261,Arlit,18.7369,7.3853,66.9,25,34,7.81,NE,2022-11-30 02:42:52
262,Mayor Pablo Lagerenza,-19.9309,-60.7718,84.38,35,79,8.81,PY,2022-11-30 02:42:52
263,Monrovia,6.3005,-10.7969,74.97,81,42,2.13,LR,2022-11-30 02:38:52
264,Rudnogorsk,57.2639,103.7519,-5.3,90,100,8.12,RU,2022-11-30 02:42:53
265,Atar,20.5169,-13.0499,65.43,20,0,7.9,MR,2022-11-30 02:42:53
266,Hualmay,-11.0964,-77.6139,67.73,81,100,6.4,PE,2022-11-30 02:42:53
267,Diu,20.7141,70.9822,73.33,40,5,8.99,IN,2022-11-30 02:42:54
268,Kavieng,-2.5744,150.7967,85.17,61,100,5.97,PG,2022-11-30 02:42:54
269,Melendugno,40.2747,18.3368,50.09,93,40,5.75,IT,2022-11-30 02:42:54
270,Almeria,37.1667,-2.3333,43.77,47,51,1.3,ES,2022-11-30 02:42:55
271,Zhigansk,66.7697,123.3711,-41.03,100,97,5.12,RU,2022-11-30 02:43:55
272,Kilindoni,-7.9139,39.6668,78.3,82,63,7.9,TZ,2022-11-30 02:43:56
273,Buala,-8.145,159.5921,82.96,77,93,3.29,SB,2022-11-30 02:43:56
274,Udachnyy,66.4167,112.4,2.44,84,100,9.53,RU,2022-11-30 02:43:57
275,Dingle,10.9995,122.6711,84.04,76,75,15.37,PH,2022-11-30 02:43:57
276,Fortuna,40.5982,-124.1573,43.14,88,0,0.0,US,2022-11-30 02:43:57
277,Itarema,-2.9248,-39.9167,76.24,84,100,3.76,BR,2022-11-30 02:43:58
278,Cayenne,4.9333,-52.3333,73.44,94,100,1.14,GF,2022-11-30 02:43:58
279,Yumen,40.2833,97.2,5.85,69,96,3.15,CN,2022-11-30 02:43:59
280,Malanje,-9.5402,16.341,62.96,99,100,2.55,AO,2022-11-30 02:43:59
281,Juneau,58.3019,-134.4197,20.21,74,40,16.11,US,2022-11-30 02:43:59
282,Shu,43.5983,73.7614,34.95,99,100,2.21,KZ,2022-11-30 02:44:00
283,Carros,43.7894,7.184,49.73,72,0,11.5,FR,2022-11-30 02:44:00
284,Kachug,53.9606,105.8817,-1.19,79,100,8.34,RU,2022-11-30 02:44:01
285,Areka,7.0667,37.7,56.35,52,17,6.08,ET,2022-11-30 02:44:01
286,Bulgan,48.8125,103.5347,-4.58,69,97,2.19,MN,2022-11-30 02:44:02
287,Sarangani,5.4033,125.4636,83.07,73,100,12.57,PH,2022-11-30 02:44:02
288,Abeokuta,7.15,3.35,74.17,91,57,1.83,NG,2022-11-30 02:44:03
289,Sabzevar,36.2126,57.6819,42.08,70,0,11.5,IR,2022-11-30 02:44:03
290,Tucurui,-3.7661,-49.6725,74.46,90,100,0.94,BR,2022-11-30 02:39:39
291,Iqaluit,63.7506,-68.5145,-16.87,76,20,13.8,CA,2022-11-30 02:44:04
292,Luwingu,-10.2621,29.9271,61.34,97,100,4.5,ZM,2022-11-30 02:44:04
293,Acapulco,16.8634,-99.8901,78.62,83,75,2.3,MX,2022-11-30 02:39:18
294,Inuvik,68.3499,-133.7218,-4.79,77,75,2.3,CA,2022-11-30 02:44:05
295,Palana,59.1167,159.9667,18.07,65,100,6.26,RU,2022-11-30 02:44:05
296,Nagua,19.3832,-69.8474,74.62,88,31,2.98,DO,2022-11-30 02:44:06
297,Victoria,22.2855,114.1577,77.97,89,35,18.01,HK,2022-11-30 02:44:06
298,Abu Zabad,12.35,29.25,76.17,27,75,9.57,SD,2022-11-30 02:44:06
299,Nelson Bay,-32.7167,152.15,71.65,54,26,10.76,AU,2022-11-30 02:44:07
300,Severo-Yeniseyskiy,60.3725,93.0408,-19.07,99,95,3.51,RU,2022-11-30 02:44:07
301,Corner Brook,48.9667,-57.9484,23.16,81,84,11.1,CA,2022-11-30 02:43:47
302,Saint-Pierre,-21.3393,55.4781,75.9,60,0,5.75,RE,2022-11-30 02:44:08
303,Lulea,65.5842,22.1547,32.07,100,100,3.44,SE,2022-11-30 02:44:08
304,Beyneu,45.3167,55.2,24.12,48,2,8.68,KZ,2022-11-30 02:44:09
305,Ancud,-41.8697,-73.8203,46.58,74,4,6.31,CL,2022-11-30 02:44:09
306,Lavrentiya,65.5833,-171.0,30.78,98,100,11.63,RU,2022-11-30 02:44:10
307,Fairbanks,64.8378,-147.7164,-9.4,78,20,0.0,US,2022-11-30 02:39:52
308,Batagay-Alyta,67.8006,130.4114,-17.99,98,100,2.06,RU,2022-11-30 02:44:10
309,Gorom-Gorom,14.4439,-0.2361,71.76,18,11,8.21,BF,2022-11-30 02:44:11
310,Taksimo,56.3444,114.8794,-16.42,71,31,4.07,RU,2022-11-30 02:44:11
311,Hasaki,35.7333,140.8333,68.29,76,100,12.66,JP,2022-11-30 02:44:12
312,Gunnedah,-30.9833,150.25,80.44,35,100,5.97,AU,2022-11-30 02:44:12
313,College,64.8569,-147.8028,-9.42,78,40,0.0,US,2022-11-30 02:44:12
314,Kloulklubed,7.0419,134.2556,84.7,76,95,21.61,PW,2022-11-30 02:44:13
315,Butterworth,5.3991,100.3638,86.0,80,20,2.3,MY,2022-11-30 02:44:13
316,Leningradskiy,69.3833,178.4167,23.47,81,100,6.8,RU,2022-11-30 02:44:14
317,Avera,33.194,-82.5271,63.37,67,51,10.4,US,2022-11-30 02:45:14
318,Rio Branco Do Sul,-25.19,-49.3142,66.34,98,99,2.26,BR,2022-11-30 02:45:15
319,Razole,16.4833,81.8333,76.23,62,2,4.18,IN,2022-11-30 02:45:15
320,Omsukchan,62.5333,155.8,-19.62,98,100,3.83,RU,2022-11-30 02:45:16
321,Jaciara,-15.9653,-54.9683,79.02,39,22,7.45,BR,2022-11-30 02:45:16
322,Manggar,-2.8833,108.2667,86.07,65,96,6.2,ID,2022-11-30 02:45:17
323,San Quintin,30.4833,-115.95,57.96,73,0,7.47,MX,2022-11-30 02:45:20
324,Tamandare,-8.7597,-35.1047,75.54,86,100,7.38,BR,2022-11-30 02:45:25
325,Shimoda,34.6667,138.95,73.76,69,97,20.45,JP,2022-11-30 02:45:26
326,San Vicente,-26.6167,-54.1333,63.97,88,75,3.56,AR,2022-11-30 02:45:27
327,Maltahohe,-24.8333,16.9833,69.58,36,21,1.57,NA,2022-11-30 02:45:28
328,Qasigiannguit,68.8193,-51.1922,23.25,90,100,2.75,GL,2022-11-30 02:45:29
329,Havre-Saint-Pierre,50.2334,-63.5986,14.0,84,0,6.91,CA,2022-11-30 02:44:10
330,New Baltimore,42.6811,-82.7369,51.94,87,75,12.66,US,2022-11-30 02:45:29
331,Cidreira,-30.1811,-50.2056,70.54,90,41,15.39,BR,2022-11-30 02:45:30
332,Minjur,13.2667,80.2667,77.02,74,16,9.71,IN,2022-11-30 02:45:30
333,Alofi,-19.0595,-169.9187,82.29,74,75,13.8,NU,2022-11-30 02:44:45
334,Port Lincoln,-34.7333,135.8667,63.68,59,31,9.98,AU,2022-11-30 02:45:31
335,Antofagasta,-23.65,-70.4,63.68,80,39,2.44,CL,2022-11-30 02:44:11
336,Haines Junction,60.7522,-137.5108,-5.85,71,5,4.61,CA,2022-11-30 02:44:22
337,Pevek,69.7008,170.3133,7.81,95,100,8.63,RU,2022-11-30 02:45:31
338,Sherbakul,54.6316,72.3963,-3.12,86,44,8.68,RU,2022-11-30 02:45:32
339,Am Timan,11.0297,20.2827,71.49,25,32,7.87,TD,2022-11-30 02:43:38
340,Smithers,54.7804,-127.1743,10.72,56,100,6.91,CA,2022-11-30 02:45:15
341,Harper,4.375,-7.7169,76.32,87,68,1.36,LR,2022-11-30 02:45:33
342,Marystown,47.1666,-55.1483,27.64,67,22,17.65,CA,2022-11-30 02:45:33
343,Mahebourg,-20.4081,57.7,76.24,88,40,0.0,MU,2022-11-30 02:45:33
344,Souillac,-20.5167,57.5167,71.98,88,40,0.0,MU,2022-11-30 02:45:34
345,Tres Arroyos,-38.3739,-60.2798,60.28,98,30,8.05,AR,2022-11-30 02:45:35
346,Leshukonskoye,64.8989,45.7622,24.67,97,96,4.81,RU,2022-11-30 02:45:35
347,Teya,60.3778,92.6267,-15.77,99,97,2.86,RU,2022-11-30 02:45:36
348,Coquimbo,-29.9533,-71.3436,62.33,82,100,2.3,CL,2022-11-30 02:40:45
349,Fuengirola,36.54,-4.6247,52.84,56,0,8.05,ES,2022-11-30 02:45:36
350,Barra Do Bugres,-15.0725,-57.1811,75.49,59,9,4.43,BR,2022-11-30 02:42:00
351,Pitimbu,-7.4706,-34.8086,77.59,74,100,7.43,BR,2022-11-30 02:45:37
352,Solhan,38.9634,41.0293,43.25,83,100,6.44,TR,2022-11-30 02:45:38
353,Rocky Mountain House,52.3668,-114.9188,-0.29,78,100,3.44,CA,2022-11-30 02:45:19
354,Hokitika,-42.7167,170.9667,58.24,78,71,8.14,NZ,2022-11-30 02:45:38
355,Diamantino,-14.4086,-56.4461,76.14,56,20,5.1,BR,2022-11-30 02:45:39
356,Kyren,51.6828,102.1408,-1.17,75,84,0.65,RU,2022-11-30 02:45:39
357,Rocha,-34.4833,-54.3333,62.2,95,0,8.03,UY,2022-11-30 02:45:40
358,High Level,58.5169,-117.136,-7.49,77,100,11.5,CA,2022-11-30 02:45:08
359,Camacha,33.0833,-16.3333,60.22,63,75,2.3,PT,2022-11-30 02:45:40
360,San Andres,12.5847,-81.7006,78.82,83,20,13.8,CO,2022-11-30 02:45:41
361,Qena,26.1615,32.7183,61.92,45,35,3.27,EG,2022-11-30 02:45:41
362,Mbekenyera,-10.0,38.9833,74.44,76,100,6.08,TZ,2022-11-30 02:45:41
363,Tilichiki,60.4667,166.1,14.41,91,20,4.63,RU,2022-11-30 02:45:42
364,Narsaq,60.9167,-46.05,28.62,86,100,5.06,GL,2022-11-30 02:45:42
365,Kirakira,-10.4544,161.9205,83.12,78,86,4.99,SB,2022-11-30 02:46:42
366,Sur,22.5667,59.5289,75.87,56,3,6.33,OM,2022-11-30 02:46:43
367,Petatlan,17.5167,-101.2667,74.93,82,84,3.4,MX,2022-11-30 02:46:43
368,Ankang,32.68,109.0172,32.41,83,100,5.66,CN,2022-11-30 02:46:44
369,Batagay,67.6333,134.6333,-25.62,97,100,1.25,RU,2022-11-30 02:46:44
370,Bud,39.447,-86.1758,60.85,80,92,17.54,US,2022-11-30 02:46:44
371,San Patricio,28.017,-97.5169,71.83,93,2,4.45,US,2022-11-30 02:46:45
372,Pisco,-13.7,-76.2167,66.25,88,0,8.05,PE,2022-11-30 02:46:46
373,Bouna,9.2667,-3.0,77.18,59,47,1.74,CI,2022-11-30 02:46:46
374,Vestmanna,62.1564,-7.1664,43.72,93,75,17.27,FO,2022-11-30 02:46:46
375,Ostrovnoy,68.0531,39.5131,28.63,92,88,15.37,RU,2022-11-30 02:46:47
376,Sayyan,15.1718,44.3244,45.54,46,0,3.83,YE,2022-11-30 02:46:47
377,Tomatlan,19.9333,-105.25,69.46,81,20,2.62,MX,2022-11-30 02:46:11
378,Awjilah,29.1081,21.2869,57.67,55,0,9.31,LY,2022-11-30 02:46:48
379,Cermik,38.1361,39.4493,51.33,85,100,5.08,TR,2022-11-30 02:46:48
380,Mogok,22.9167,96.5,73.78,53,1,2.35,MM,2022-11-30 02:46:49
381,Solnechnyy,50.7214,136.6319,5.34,78,100,6.98,RU,2022-11-30 02:46:49
382,Pangody,65.85,74.4859,-5.26,100,63,4.43,RU,2022-11-30 02:46:50
383,Braco Do Norte,-28.275,-49.1656,67.15,100,99,1.07,BR,2022-11-30 02:46:50
384,Adrar,20.5022,-10.0711,61.57,21,0,9.95,MR,2022-11-30 02:46:51
385,Tambo,-14.8,-73.9167,35.42,78,68,5.55,PE,2022-11-30 02:46:51
386,Alta Floresta,-9.8756,-56.0861,68.29,97,96,0.94,BR,2022-11-30 02:46:51
387,Maceio,-9.6658,-35.7353,76.44,94,75,6.91,BR,2022-11-30 02:46:52
388,Altay,47.8667,88.1167,-1.32,55,6,6.55,CN,2022-11-30 02:46:52
389,Karaton,-6.3424,106.1045,86.43,54,99,6.08,ID,2022-11-30 02:46:53
390,Salalah,17.0151,54.0924,73.49,73,20,4.61,OM,2022-11-30 02:46:04
391,Karpathos,35.507,27.2132,60.76,82,100,5.75,GR,2022-11-30 02:46:54
392,Upernavik,72.7868,-56.1549,5.38,95,100,14.97,GL,2022-11-30 02:46:54
393,Cabo San Lucas,22.8909,-109.9124,73.51,76,0,6.91,MX,2022-11-30 02:42:56
394,Iquique,-20.2208,-70.1431,68.04,77,31,0.85,CL,2022-11-30 02:46:55
395,Igarapava,-20.0383,-47.7469,70.72,91,55,2.35,BR,2022-11-30 02:46:55
396,Bowen,-20.0167,148.2333,80.08,77,100,5.39,AU,2022-11-30 02:46:55
397,Husavik,66.0449,-17.3389,35.58,84,68,14.76,IS,2022-11-30 02:46:56
398,Goderich,43.7501,-81.7165,46.72,76,100,18.41,CA,2022-11-30 02:46:56
399,Kankon,15.0167,74.0167,76.8,58,49,6.15,IN,2022-11-30 02:46:57
400,Zavodoukovsk,56.5042,66.5515,2.03,82,98,5.48,RU,2022-11-30 02:46:57
401,Hamilton,39.1834,-84.5333,60.44,65,40,13.8,US,2022-11-30 02:46:26
402,Benoy,8.9833,16.3199,67.64,32,88,5.19,TD,2022-11-30 02:46:58
403,Bambous Virieux,-20.3428,57.7575,76.21,88,40,0.0,MU,2022-11-30 02:46:58
404,Ler,8.3018,30.1418,77.56,55,99,3.06,SS,2022-11-30 02:46:58
405,Tazovskiy,67.4667,78.7,-7.13,100,77,4.88,RU,2022-11-30 02:46:59
406,Komsomolskiy,40.4272,71.7189,41.72,93,95,4.61,UZ,2022-11-30 02:46:59
407,Mayskiy,47.6931,40.1025,24.21,35,95,19.01,RU,2022-11-30 02:47:00
408,Presidente Medici,-11.1753,-61.9014,75.78,72,78,4.14,BR,2022-11-30 02:47:00
409,Yurimaguas,-5.9,-76.0833,79.29,65,96,2.1,PE,2022-11-30 02:47:01
410,Itaituba,-4.2761,-55.9836,72.93,94,80,1.57,BR,2022-11-30 02:47:01
411,Vila Velha,-20.3297,-40.2925,73.35,94,75,14.97,BR,2022-11-30 02:44:20
412,Fulton,33.7668,-84.4499,64.72,78,100,10.36,US,2022-11-30 02:45:00
413,Sawtell,-30.3833,153.1,71.62,53,99,12.66,AU,2022-11-30 02:48:02
414,Westport,41.1415,-73.3579,38.75,72,0,4.61,US,2022-11-30 02:43:41
415,Ratangarh,28.0833,74.6,65.21,23,3,2.82,IN,2022-11-30 02:48:03
416,Puerto Quijarro,-17.7833,-57.7667,82.92,33,90,0.87,BO,2022-11-30 02:48:04
417,Port Hawkesbury,45.6169,-61.3485,33.39,73,100,11.99,CA,2022-11-30 02:48:05
418,Staszow,50.5631,21.1659,33.93,95,76,8.39,PL,2022-11-30 02:48:05
419,Bose,45.4612,8.0137,39.22,94,31,1.9,IT,2022-11-30 02:48:06
420,Wolfratshausen,47.9129,11.4217,37.42,90,100,3.15,DE,2022-11-30 02:48:07
421,Carballo,43.213,-8.691,54.01,83,100,7.23,ES,2022-11-30 02:48:08
422,Roald,62.5833,6.1333,44.33,81,100,12.66,NO,2022-11-30 02:48:08
423,Sawakin,19.1059,37.3321,81.07,74,2,6.11,SD,2022-11-30 02:48:09
424,Biak,-0.9131,122.8766,84.4,65,100,1.19,ID,2022-11-30 02:48:10
425,Maraa,-1.8333,-65.3667,73.63,96,28,2.28,BR,2022-11-30 02:48:10
426,Fortaleza,-3.7227,-38.5247,80.73,78,20,5.75,BR,2022-11-30 02:48:11
427,Kahului,20.8947,-156.47,80.62,83,40,5.75,US,2022-11-30 02:48:12
428,Sorland,67.667,12.6934,40.86,81,100,17.11,NO,2022-11-30 02:48:12
429,General Pico,-35.6566,-63.7568,67.98,82,67,6.87,AR,2022-11-30 02:48:13
430,San Jose,37.3394,-121.895,51.85,61,20,6.91,US,2022-11-30 02:46:45
431,Hay River,60.8156,-115.7999,-13.02,77,40,16.11,CA,2022-11-30 02:48:14
432,Sao Miguel Do Araguaia,-13.275,-50.1628,70.75,93,89,6.02,BR,2022-11-30 02:48:15
433,Padang,-0.9492,100.3543,82.45,69,93,3.24,ID,2022-11-30 02:48:15
434,Aklavik,68.2191,-135.0107,-12.01,84,100,2.84,CA,2022-11-30 02:48:16
435,Taunggyi,20.7833,97.0333,70.41,68,1,2.37,MM,2022-11-30 02:48:16
436,Nouadhibou,20.931,-17.0347,64.38,63,0,12.66,MR,2022-11-30 02:48:17
437,Port-Cartier,50.0334,-66.8654,15.48,91,14,7.18,CA,2022-11-30 02:48:18
438,Faanui,-16.4833,-151.75,79.61,76,24,12.1,PF,2022-11-30 02:44:41
439,Vigrestad,58.5667,5.7,42.96,76,34,15.26,NO,2022-11-30 02:48:18
440,Riyadh,24.6877,46.7219,59.14,37,3,8.25,SA,2022-11-30 02:44:39
441,Nicoya,10.1483,-85.452,73.49,89,91,1.97,CR,2022-11-30 02:48:19
442,Faya,18.3851,42.4509,51.91,68,0,0.63,SA,2022-11-30 02:48:20
443,Barinas,8.6226,-70.2075,71.13,92,91,2.48,VE,2022-11-30 02:48:20
444,Port Macquarie,-31.4333,152.9167,70.9,51,99,9.55,AU,2022-11-30 02:47:10
445,Noumea,-22.2763,166.4572,87.78,99,76,8.14,NC,2022-11-30 02:45:24
446,Lalmohan,22.3384,90.7419,78.06,61,0,6.98,BD,2022-11-30 02:48:23
447,Wilmington,34.2257,-77.9447,61.92,84,75,6.91,US,2022-11-30 02:46:39
448,North Bend,43.4065,-124.2243,46.08,97,100,6.91,US,2022-11-30 02:45:18
449,Tabou,4.423,-7.3528,76.37,88,60,3.27,CI,2022-11-30 02:48:24
450,Otofuke,42.9917,143.2003,38.35,69,100,18.39,JP,2022-11-30 02:48:24
451,Abha,18.2164,42.5053,51.62,81,0,0.0,SA,2022-11-30 02:47:20
452,Severo-Kurilsk,50.6789,156.125,39.36,99,100,8.55,RU,2022-11-30 02:48:26
453,Ovre Ardal,61.3167,7.8,27.61,96,100,3.4,NO,2022-11-30 02:48:27
454,Rio Grande,-32.035,-52.0986,69.58,91,5,15.43,BR,2022-11-30 02:48:28
455,Santa Rosa,14.3122,121.1114,91.11,75,63,13.91,PH,2022-11-30 02:46:05
456,Vilkija,55.05,23.5833,32.63,97,100,5.39,LT,2022-11-30 02:48:29
457,Matara,5.9485,80.5353,79.2,80,47,3.87,LK,2022-11-30 02:48:29
458,Chastyye,57.2888,54.9728,3.56,98,78,2.48,RU,2022-11-30 02:49:30
459,Acarau,-2.8856,-40.12,76.62,83,100,4.14,BR,2022-11-30 02:49:31
460,Coihaique,-45.5752,-72.0662,48.15,57,75,5.75,CL,2022-11-30 02:49:32
461,San Pedro,14.35,121.0167,90.36,69,40,6.91,PH,2022-11-30 02:49:32
462,Yerbogachen,61.2767,108.0108,-1.71,96,100,10.65,RU,2022-11-30 02:49:33
463,Savonlinna,61.8699,28.88,26.65,100,100,4.61,FI,2022-11-30 02:49:33
464,Meulaboh,4.1363,96.1285,80.35,81,97,3.87,ID,2022-11-30 02:49:33
465,Sechura,-5.5569,-80.8222,67.01,83,73,11.7,PE,2022-11-30 02:49:34
466,Mocuba,-16.8392,36.9856,69.73,94,100,3.74,MZ,2022-11-30 02:49:34
467,Bandarban,22.1965,92.2262,78.48,83,21,1.43,BD,2022-11-30 02:49:35
468,Mitu,1.1983,-70.1733,72.18,99,100,3.31,CO,2022-11-30 02:49:35
469,Tura,25.5198,90.2201,72.82,62,0,1.32,IN,2022-11-30 02:46:12
470,Kavaratti,10.5669,72.642,81.57,70,0,0.45,IN,2022-11-30 02:49:36
471,Berlevag,70.8578,29.0864,37.4,87,100,18.41,NO,2022-11-30 02:49:36
472,Markova,48.6758,24.4138,25.65,94,49,2.93,UA,2022-11-30 02:49:36
473,Nueva Guinea,11.6876,-84.4562,71.1,96,100,4.34,NI,2022-11-30 02:49:37
474,Atocha,-20.9333,-66.2333,45.54,69,34,8.01,BO,2022-11-30 02:49:37
475,Chicama,-7.8447,-79.1469,63.14,82,56,4.07,PE,2022-11-30 02:49:38
476,Nemuro,43.3236,145.575,37.2,79,100,11.86,JP,2022-11-30 02:49:38
477,Otane,-39.8833,176.6333,66.7,63,100,7.27,NZ,2022-11-30 02:49:39
478,Katete,-0.7818,29.7544,59.68,96,100,2.59,UG,2022-11-30 02:49:39
479,Beringovskiy,63.05,179.3167,30.47,99,100,3.11,RU,2022-11-30 02:49:40
480,Dezful,32.3811,48.4058,69.8,28,100,4.47,IR,2022-11-30 02:49:40
481,Traverse City,44.7631,-85.6206,51.87,84,100,16.11,US,2022-11-30 02:49:40
482,Black River,18.0264,-77.8487,75.33,83,4,3.74,JM,2022-11-30 02:49:41
483,Tupancireta,-29.0806,-53.8358,65.32,87,12,10.38,BR,2022-11-30 02:49:41
484,Mount Gambier,-37.8333,140.7667,61.21,61,96,7.65,AU,2022-11-30 02:49:42
485,Kimbe,-5.5502,150.1429,86.99,65,86,5.66,PG,2022-11-30 02:49:42
486,Nhulunbuy,-12.2333,136.7667,88.41,66,75,6.91,AU,2022-11-30 02:49:43
487,Ochamchira,42.7121,41.4721,53.47,46,100,4.21,GE,2022-11-30 02:49:43
488,Aras,42.5617,-2.356,41.41,87,0,4.61,ES,2022-11-30 02:49:44
489,Svetlaya,46.5389,138.3297,12.11,53,3,12.3,RU,2022-11-30 02:49:44
490,Cabinda,-5.55,12.2,74.19,94,100,4.34,AO,2022-11-30 02:49:44
491,Patacamaya,-17.2333,-67.9167,49.12,42,53,8.39,BO,2022-11-30 02:49:45
492,Mecca,21.4267,39.8261,75.87,67,6,4.99,SA,2022-11-30 02:49:45
493,Mezen,65.8522,44.24,27.97,98,99,4.9,RU,2022-11-30 02:49:46
494,Japura,-0.3167,102.35,81.64,84,99,1.21,ID,2022-11-30 02:49:46
495,Zemio,5.0314,25.1361,67.96,90,80,2.04,CF,2022-11-30 02:49:47
496,Savannah Bight,16.45,-85.85,81.97,74,9,19.28,HN,2022-11-30 02:49:47
497,Enfield,-34.8526,138.6026,74.52,54,20,21.85,AU,2022-11-30 02:49:47
498,Union De San Antonio,21.1,-101.9667,63.03,41,86,5.86,MX,2022-11-30 02:46:09
499,Gamba,-2.65,10.0,74.48,91,100,3.29,GA,2022-11-30 02:49:48
500,Turayf,31.6725,38.6637,50.25,100,0,4.61,SA,2022-11-30 02:49:49
501,Ray,23.6833,85.05,61.57,56,5,1.77,IN,2022-11-30 02:49:49
502,Kochubey,44.3861,46.5825,38.75,63,100,17.72,RU,2022-11-30 02:49:49
503,Eureka,40.8021,-124.1637,43.41,88,83,4.7,US,2022-11-30 02:45:18
504,Poum,-20.2333,164.0167,82.13,78,86,12.46,NC,2022-11-30 02:49:50
505,Ninotsminda,41.2646,43.5916,30.45,91,100,7.76,GE,2022-11-30 02:49:50
506,Dolores,-36.3132,-57.6792,66.42,85,79,5.39,AR,2022-11-30 02:50:51
507,Cedral,23.8,-100.7333,65.59,23,40,5.46,MX,2022-11-30 02:50:51
508,Portland,45.5234,-122.6762,43.61,92,100,14.0,US,2022-11-30 02:49:06
509,Sioux Lookout,50.1001,-91.917,19.47,73,100,6.91,CA,2022-11-30 02:50:52
510,Obigarm,38.7173,69.7088,37.44,88,85,6.29,TJ,2022-11-30 02:50:52
511,Qinnan,33.2531,119.9133,36.75,51,100,14.41,CN,2022-11-30 02:50:53
512,Nedjo,9.5046,35.5019,58.15,74,99,0.74,ET,2022-11-30 02:50:53
513,Jacareacanga,-6.2222,-57.7528,72.23,98,70,0.63,BR,2022-11-30 02:50:54
514,Rantepao,-2.9701,119.8978,84.47,55,93,2.39,ID,2022-11-30 02:50:54
515,Lodwar,3.1191,35.5973,81.82,46,99,9.64,KE,2022-11-30 02:50:55
516,Baie-Comeau,49.2168,-68.1489,10.08,92,0,3.44,CA,2022-11-30 02:47:51
517,Kyshtovka,56.555,76.6271,-16.01,94,21,3.69,RU,2022-11-30 02:50:55
518,Quatre Cocos,-20.2078,57.7625,76.08,70,94,9.53,MU,2022-11-30 02:50:56
519,Salinas,36.6777,-121.6555,51.89,72,0,5.75,US,2022-11-30 02:48:06
520,Lappeenranta,61.0587,28.1887,29.79,93,100,5.75,FI,2022-11-30 02:50:56
521,Gelemso,8.8167,40.5167,54.99,49,2,3.4,ET,2022-11-30 02:50:57
522,Tatawin,32.9297,10.4518,50.56,63,3,7.11,TN,2022-11-30 02:50:57
523,Orange Cove,36.6244,-119.3137,51.46,77,0,0.0,US,2022-11-30 02:50:58
524,Puro,12.4841,123.3827,85.8,66,100,12.24,PH,2022-11-30 02:50:58
525,Ketchikan,55.3422,-131.6461,23.47,36,75,3.44,US,2022-11-30 02:50:58
526,Saint-Joseph,-21.3667,55.6167,73.78,75,20,2.75,RE,2022-11-30 02:50:59
527,Paita,-5.0892,-81.1144,66.79,84,97,11.65,PE,2022-11-30 02:50:59
528,Muros,42.7762,-9.0603,55.09,83,100,16.82,ES,2022-11-30 02:51:00
529,Tautira,-17.7333,-149.15,78.17,81,22,10.16,PF,2022-11-30 02:51:00
530,Hovd,48.0056,91.6419,-3.86,65,11,2.89,MN,2022-11-30 02:51:00
531,Lake Charles,30.2131,-93.2044,75.42,96,100,12.66,US,2022-11-30 02:51:01
532,Mount Isa,-20.7333,139.5,92.97,15,0,18.41,AU,2022-11-30 02:51:02
533,Skopin,53.8249,39.5505,24.1,80,75,5.99,RU,2022-11-30 02:51:02
534,Talnakh,69.4865,88.3972,-10.52,99,100,3.65,RU,2022-11-30 02:48:46
535,Taree,-31.9,152.4667,72.99,44,82,10.56,AU,2022-11-30 02:51:04
536,Ormond Beach,29.2858,-81.0559,69.1,95,0,1.01,US,2022-11-30 02:46:41
537,Geraldton,-28.7667,114.6,75.61,69,75,12.66,AU,2022-11-30 02:51:06
538,Shieli,44.1667,66.75,34.2,49,100,6.93,KZ,2022-11-30 02:51:07
539,Klyuchi,52.2667,79.1667,-3.01,86,100,7.07,RU,2022-11-30 02:51:07
540,Mantua,45.1667,10.7833,40.24,88,47,2.66,IT,2022-11-30 02:51:08
541,Riorges,46.0418,4.0497,40.44,98,32,5.75,FR,2022-11-30 02:51:08
542,Caravelas,-17.7125,-39.2481,75.22,81,100,10.22,BR,2022-11-30 02:51:09
543,Aksarka,66.5606,67.7975,-2.16,99,92,3.13,RU,2022-11-30 02:51:09
544,Kulhudhuffushi,6.6221,73.07,81.12,69,66,3.83,MV,2022-11-30 02:51:10
545,Cartagena,10.3997,-75.5144,78.42,89,75,0.0,CO,2022-11-30 02:47:50
546,Palembang,-2.9167,104.7458,84.29,74,20,0.0,ID,2022-11-30 02:51:11
547,Nantucket,41.2835,-70.0995,44.65,81,40,4.61,US,2022-11-30 02:51:11
548,Kamina,-8.7386,24.9906,62.4,99,100,3.2,CD,2022-11-30 02:51:12
549,Bintulu,3.1667,113.0333,82.81,83,20,5.99,MY,2022-11-30 02:51:12
550,Mobai,7.9944,-10.7511,70.3,99,19,1.57,SL,2022-11-30 02:51:13
551,Leh,34.1667,77.5833,20.25,55,88,1.48,IN,2022-11-30 02:50:53
552,Micheweni,-4.9667,39.8333,77.43,82,34,4.9,TZ,2022-11-30 02:52:14
553,Kampong Chhnang,12.1667,104.55,84.24,73,21,4.18,KH,2022-11-30 02:52:14
554,Qui Nhon,13.7667,109.2333,80.64,80,19,6.46,VN,2022-11-30 02:48:44
555,Quchan,37.106,58.5095,38.25,78,95,2.91,IR,2022-11-30 02:52:17
556,Jining,35.405,116.5814,26.83,16,78,5.66,CN,2022-11-30 02:52:18
557,Mayo,38.8876,-76.5119,47.1,82,0,10.0,US,2022-11-30 02:49:50
558,Krasnoselkup,65.7,82.4667,-12.32,98,19,6.02,RU,2022-11-30 02:52:19
559,Berdigestyakh,62.0989,126.6992,-23.46,96,100,7.49,RU,2022-11-30 02:52:20
560,Hami,42.8,93.45,10.85,22,0,2.26,CN,2022-11-30 02:52:21
561,Kabo,7.6994,18.629,70.61,30,97,4.43,CF,2022-11-30 02:52:21
562,Richards Bay,-28.783,32.0377,63.3,80,0,6.49,ZA,2022-11-30 02:52:22
563,Sungairaya,0.7,108.9,86.77,65,95,3.94,ID,2022-11-30 02:52:22
564,Vestmannaeyjar,63.4427,-20.2734,47.59,90,100,34.85,IS,2022-11-30 02:52:23
565,Hosbach,50.0,9.2,46.08,93,100,1.81,DE,2022-11-30 02:52:25
566,Karauli,26.5,77.0167,64.0,38,100,1.9,IN,2022-11-30 02:52:26
567,Golden,39.7555,-105.2211,20.03,79,20,5.01,US,2022-11-30 02:48:51
568,Lasa,46.6166,10.7002,30.02,94,60,4.61,IT,2022-11-30 02:52:29
569,Mokhsogollokh,61.4681,128.9203,-23.35,92,100,7.94,RU,2022-11-30 02:52:29
570,Guozhen,34.3659,107.359,25.56,42,100,4.34,CN,2022-11-30 02:52:30
571,Sorong,-0.8833,131.25,81.34,74,100,2.44,ID,2022-11-30 02:52:31
572,Port Maria,18.3685,-76.8895,80.56,95,18,6.55,JM,2022-11-30 02:52:32
573,Sibolga,1.7427,98.7792,83.84,65,68,3.44,ID,2022-11-30 02:52:32
574,Mujiayingzi,42.1167,118.7833,11.34,26,0,13.85,CN,2022-11-30 02:52:33
575,Pemberton,50.3164,-122.8027,24.53,95,100,3.31,CA,2022-11-30 02:52:34
576,Pombia,45.653,8.6336,42.75,94,45,1.01,IT,2022-11-30 02:52:35
577,Saint-Georges,12.0564,-61.7485,76.68,94,75,2.3,GD,2022-11-30 02:52:35
578,Karratha,-20.7377,116.8463,92.61,31,19,8.7,AU,2022-11-30 02:49:05
579,Methoni,36.8197,21.7049,54.21,85,98,21.25,GR,2022-11-30 02:52:36
580,Sasykoli,47.5515,46.9968,22.82,48,0,9.42,RU,2022-11-30 02:52:37
